{
	"credit": "Made with Blockbench",
	"texture_size": [64, 64],
	"textures": {
		"1": "block/dragon_egg",
		"particle": "block/dragon_egg"
	},
	"elements": [
		{
			"from": [1, 2, 1],
			"to": [15, 10, 15],
			"faces": {
				"north": {"uv": [6, 8, 9.5, 10], "texture": "#1"},
				"east": {"uv": [9.5, 0, 13, 2], "texture": "#1"},
				"south": {"uv": [9.5, 2, 13, 4], "texture": "#1"},
				"west": {"uv": [9.5, 4, 13, 6], "texture": "#1"},
				"up": {"uv": [3.5, 3.5, 0, 0], "texture": "#1"},
				"down": {"uv": [3.5, 3.5, 0, 7], "texture": "#1"}
			}
		},
		{
			"from": [2, 0, 2],
			"to": [14, 16, 14],
			"faces": {
				"north": {"uv": [3.5, 0, 6.5, 4], "texture": "#1"},
				"east": {"uv": [3.5, 4, 6.5, 8], "texture": "#1"},
				"south": {"uv": [6.5, 0, 9.5, 4], "texture": "#1"},
				"west": {"uv": [6.5, 4, 9.5, 8], "texture": "#1"},
				"up": {"uv": [3, 10, 0, 7], "texture": "#1"},
				"down": {"uv": [6, 8, 3, 11], "texture": "#1"}
			}
		}
	],
	"display": {
		"thirdperson_righthand": {
			"translation": [-2, 0.75, 0],
			"scale": [0.33, 0.33, 0.33]
		},
		"thirdperson_lefthand": {
			"translation": [-2, 0.75, 0],
			"scale": [0.33, 0.33, 0.33]
		},
		"firstperson_righthand": {
			"rotation": [0, 28, 0],
			"translation": [6.75, -0.5, -6.5],
			"scale": [0.8, 0.8, 0.8]
		},
		"firstperson_lefthand": {
			"rotation": [0, 28, 0],
			"translation": [6.75, -0.5, -6.5],
			"scale": [0.8, 0.8, 0.8]
		},
		"ground": {
			"scale": [0.29, 0.29, 0.29]
		},
		"gui": {
			"rotation": [20.18, -41.07, 11.86],
			"scale": [0.72, 0.72, 0.72]
		},
		"head": {
			"translation": [0, 2.5, 0],
			"scale": [1.24, 1.24, 1.24]
		}
	},
	"groups": [
		{
			"name": "group",
			"origin": [0, 0, 0],
			"color": 0,
			"children": [0, 1]
		}
	]
}